iter	Logloss
0	0.6809004784
1	0.6660808086
2	0.6446739197
3	0.6231832027
4	0.6198999405
5	0.6111965179
6	0.5961691856
7	0.5856644154
8	0.5712981701
9	0.555691433
